,mobile-lipid_1,2-hydroxybutyrate_2,isoleucine_3,isoleucine/leucine_4,leucine_5,2-aminobutyrate/valine_6,isoleucine_7,valine_8,3-hydroxybutyrate_9,unknown_10,isopropanonol_11,ethanol/3-hydroxybutyrate_12,ethanol_13,ethanol/unknown_14,3-hydroxyisovalerate_15,lactate_16,unknown_17,alanine_18,2-hydroxybutyrate_19,leucine_20,leucine/lysine/2-hydroxybutyrate_21,lysine_22,lysine_23,acetate_24,ornithine_25,mobile-lipid/isoleucine_26,proline_27,unknown_28,n-acetylaminoacid_29,glycoprotein_30,unknown_31,glutamine_32,unknown_33,unknown_34,acetoacetate_35,valine_36,unknown_37,pro/gln_38,pyruvate_39,3-hydroxybutyrate_40,unknown_41,glutamine_42,citrate _43,unknown_44,methionine_45,citrate _46,5-aminolevulinate_47,DMA_48,sarcosine_49,asparagine_50,unknown_51,unknown_52,unknown_53,asparagine_54,lysine _55,creatine _56,lysine/creatinine _57,ornithine_58,tyrosine_59,ornithine_60,tyrosine_61,ornithine_62,histidine/phenylalanine_63,malonate_64,histidine/phenylalanine_65,choline _66,o-phosphocholine_67,carnitine/acetylcholine_68,sn-glycero-3-phosphocholine _69,glucose_70,glucose/taurine_71,taurine_72,glucose_73,taurine_74,myoinositol_75,proline _76,glucose _77,taurine _78,glucose _79,taurine _80,glucose _81,glucose _82,glucose _83,glucose _84,unknown _85,unknown-sugar _86,glucose _87,unknown-sugar _88,glucose _89,unknown-sugar _90,glucose _91,unknown-sugar _92,glucose _93,glycerol _94,glycine/glycerol _95,glycerol _96,glycerol _97,unknown _98,unknown _99,unknown _100,valine_101,valine_102,unknown_103,unknown_104,ethanol_105,glycerol_106,ethanol_107,ethanol_108,glycerol_109,ethanol_110,unknown_111,glucose _112,glucose _113,glucose _114,glucose _115,glucose _116,glucose _117,glucose/glycerol _118,glucose/glutamine/glycerol _119,glucose/glycerol/alanine _120,glucose/glutamine/glycerol/alanine _121,glucose/alanine _122,unknown_123,unknown_124,guanidoacetate_125,unknown_126,unknown_127,unknown_128,unknown_129,unknown_130,glucose _131,glucose/unknown _132,glucose _133,unknown _134,glucose _135,glucose _136,unknown _137,unknown _138,unknown _139,creatine _140,unknown/glucarate_141,2-hydroxybutyrate/pjenylalanine/asparagine_142,isopropanol_143,creatinine_144,unknown/glucarate_145,lactate_146,unknown_147,unknown_148,threonine_149,msnnose_150,glucose_151,mobile-lipid_152,unknown_153,unknown_154,unknown_155,tyrosine_156,histidine_157,unknown_158,tyrosine_159,unknown_160,phenylalanine_161,unknown_162,phenylalanine/unknown_163,phenylalanine_164,histidine _165,xanthine_166,oxypurinol_167,adenosine_168,unknown_169,adenosine_170,formate_171
1,3.686034888,1.267496796,1.197878223,1.781403914,1.83551176,1.794456393,0.728429725,1.447399056,0.243056683,0.198162774,0.541219023,0.608396326,0.851471253,1.98743007,6.166290444,11.45782442,0.264347286,1.96803172,0.328502361,0.47543164,0.82228535,0.3513824,0.386323844,1.015600535,0.465509429,0.647979485,1.394937654,1.639302629,1.790431844,3.225834732,0.997599768,1.110061276,0.244629702,0.396939148,1.050530399,0.538651927,0.34262894,0.409849273,1.244890025,0.273247999,0.29677941,0.753189846,0.377072457,0.032566956,0.110363019,0.666007942,0.370736206,0.368191193,0.457370759,0.143935586,0.110847471,0.319406492,0.383597024,0.42328809,1.370618315,1.169526235,2.471628017,0.709639205,0.499384874,0.588867709,0.33837001,0.335585633,0.278552805,0.591316193,0.184146919,1.152213647,1.797022452,2.829910648,4.258473643,3.605052,5.109755226,2.773878293,6.335958489,0.687091451,0.409974468,0.320887247,1.925521353,5.483342445,8.886870859,1.705098882,3.189785014,3.021266841,3.215188187,3.614719857,0.343836594,0.980524133,5.624901657,1.466635325,4.5730042,1.305754751,6.378251228,1.890753665,5.644391461,1.284536287,0.865275877,4.734278023,1.285159608,1.243846105,1.473771206,0.941408243,1.096722917,2.151898953,1,0.90184158,0.900364703,1.677417242,1.658528152,1.633472878,2.361172788,1.462775644,1.099081371,4.662691348,9.020201277,5.468338371,4.386407775,7.561715681,4.36583138,2.198401822,3.028855115,4.672119228,2.988620363,4.385501415,2.39979287,5.032164911,1.447812571,1.035512132,0.901536746,1.046186912,0.803568831,1.185775535,3.383950212,8.238333922,6.269219115,1.431248336,4.287664173,4.07041577,0.999420025,0.870769786,5.540857978,0.652401464,0.718889436,0.966083919,0.371545429,1.25377344,0.536058134,2.281917878,0.181659825,0.191595056,0.39747965,0.316544131,4.077075305,0.627924463,0.01124327,0.021702309,0.04087549,0.28854142,0.188465348,0.325621579,0.230861688,0.092944059,0.187464609,0.105340632,0.281266421,0.13099446,0.063946883,0.021971487,0.009783332,0.015751192,0.002688821,0.000587168,0.112367035
2,2.345786339,0.784585573,1.016317717,1.82987378,2.03112213,1.909154781,0.748904972,1.581725118,0.216357206,0.169523157,0.278613207,0.489393642,0.704869432,1.184333178,4.709565652,8.381011036,0.162239332,2.93982301,0.284490642,0.510069717,1.052038654,0.424864489,0.515038413,1.242745823,0.521838838,0.57147125,1.047662079,1.206853987,1.913784711,2.873351803,0.965256232,1.351658487,0.200916235,0.162542016,0.348527494,0.43713878,0.28154253,0.498320047,1.680556472,0.209445927,0.217669717,1.092642231,0.462455254,0.025473067,0.121354197,0.707317777,0.223539938,0.226197264,0.31201286,0.161236744,0.117810793,0.334988367,0.393123604,0.471719499,1.751242718,1.525418237,2.717367126,0.731098866,0.558806936,0.628189362,0.406295531,0.349240375,0.307021214,0.673757374,0.18198914,1,1.557206733,2.384360022,4.750029505,4.148642099,6.412574461,3.403721021,7.845927465,0.669981182,0.488975893,0.464023225,2.548389231,7.079654147,11.71144463,2.249503627,4.16335798,3.842320893,4.220094855,4.703481782,0.396811025,1.276796234,7.139691105,1.852066681,5.663631211,1.427868938,8.391763628,2.140507452,7.281260809,1.056226459,0.98390268,6.221981875,1.051271613,0.548598649,1.495664413,1.197665935,1.101111665,2.002173908,0.895005604,0.626508478,0.816689105,1.209677012,1.367271902,1.432419126,1.897683925,1.718419498,1.015962072,5.707938182,11.30748312,6.839356073,5.683246048,9.431598398,5.489875667,2.886531075,3.737073506,6.635182641,3.496534972,5.815653662,2.750532351,6.026275183,1.57403307,0.868017107,0.764349434,1.115500954,0.792896279,1.460848366,4.201016831,10.93500193,7.673925623,1.685588268,5.46007538,4.901978016,0.999891005,0.857898215,6.882701524,0.729058755,0.732250472,1.124981792,0.313840468,1.111978632,0.432562555,1.749670329,0.132759318,0.138892526,0.412074821,0.369580795,5.296950782,0.368436921,0.042103926,0.023640602,0.044969616,0.415816975,0.249741369,0.165272826,0.273796608,0.103419471,0.233207238,0.083104353,0.171235418,0.172517907,0.061042156,0.026547723,0.013775445,0.019944156,0.010187198,0.020968637,0.1220577
3,1.898382718,0.828163748,1.063687016,1.834875571,1.946855729,1.905374477,0.775173724,1.650803535,0.361399764,0.180022673,0.238859412,0.401146845,0.597513183,1.194155508,3.594665487,13.51387884,0.288074531,3.082770845,0.270460722,0.510214371,0.965851427,0.459426283,0.466863161,1.084359446,0.689783747,0.601125204,1.060260823,1.281636163,1.765632613,2.963535806,1.06199287,1.426733434,0.176655558,0.14382952,0.476671851,0.479486051,0.307955786,0.570313746,1.932543083,0.248370399,0.253976555,0.980569858,0.450108964,0.039826286,0.083344869,0.70919682,0.279638413,0.203603563,0.296102277,0.160542158,0.434848507,0.351565782,0.400548412,0.40239379,1.527667438,1.445139792,3.269945766,0.817160558,0.537803065,0.619846144,0.346272502,0.340336788,0.27513796,0.675719814,0.184363048,1.053393775,1.387992576,1.657877627,3.611821434,4.138537266,6.679870758,3.026575611,8.249525813,0.655417169,0.34751344,0.416045049,2.673269382,7.577707412,12.63512834,2.203003497,4.341104318,3.981796961,4.494929856,5.036937986,0.395985408,1.350175706,7.729083443,1.782464343,6.200757591,1.505358505,9.00314373,2.231110947,7.806572407,1,0.850910321,5.536630701,1.006283307,0.539746909,1.269288907,0.946256888,1.198139175,2.450581749,1.113267337,1.176379316,0.964696967,1.238526089,1.435767934,1.419819034,1.929104763,1.454341955,1.044659472,5.892973913,12.08247702,7.264334215,6.026803449,10.02129725,5.756000726,2.660252908,3.95843647,6.327049061,3.572027987,5.95154048,2.7766707,6.528053842,1.606359902,0.857822062,0.762587978,1.235100746,0.79871195,1.548262119,4.422744339,11.41143871,8.189954096,1.653810661,5.777405368,5.238448575,1.208058853,0.979459717,7.372817428,0.709054149,0.69657611,0.938222428,0.317105557,1.594830709,0.548599105,2.899459971,0.175856897,0.1744163,0.372344211,0.384249823,5.585212125,0.305454037,0.013335484,0.030791626,0.045653972,0.305981428,0.202383817,0.449141429,0.203110884,0.090269643,0.205408422,0.113702369,0.375416786,0.144252738,0.056589718,0.015776941,0.008024376,0.003032933,0.003826892,0.004212519,0.100680841
4,2.299691287,0.907424514,0.974545814,1.6469039,1.864427657,1.785929388,0.722419311,1.638784978,0.475544345,0.179819547,0.213074649,0.376719479,0.576598836,1.006878527,4.298545745,15.34066303,0.520972229,3.192234304,0.324462715,0.518396736,1,0.437707581,0.502660982,1.343744861,0.932216927,0.685916936,1.131198987,1.326418891,1.871486566,2.820488512,1.058791857,1.370317044,0.209467226,0.160751248,0.316024262,0.430371298,0.280706271,0.557121546,2.026106609,0.230219344,0.248231449,1.015626734,0.401977398,0.047106309,0.107047529,0.600568083,0.274732953,0.285255756,0.361930033,0.161219543,0.734767202,0.28388069,0.372108077,0.369180741,1.566095098,1.612353048,2.644270236,0.696476223,0.532215286,0.554103114,0.389981688,0.334811964,0.244898818,0.597826796,0.172469183,0.936040844,1.538736965,2.222720992,4.027469242,3.850213247,6.236572119,3.343009291,8.605151365,0.880660146,0.369933926,0.395017758,2.336247043,7.082183029,11.38330532,2.23171529,4.118316059,3.553699339,4.062285133,4.614798139,0.435184398,1.185547618,7.022236887,1.69220024,5.537123459,1.5852416,7.6817362,2.258442842,7.062226893,1.070736927,0.879516329,5.675335694,1.084744117,1.137698272,1.395991291,1.023316501,0.992228204,1.914376573,0.903523229,0.722176916,0.846904614,1.222101125,1.321022549,1.348725835,1.784114966,1.278766386,0.806544433,5.408879799,10.91727857,6.629437832,5.173236725,9.679759794,5.409987238,2.711036242,3.67108407,6.192793548,3.546897272,5.628499467,2.568122119,6.064392911,1.76077557,0.922089549,0.824990581,1.218603036,0.786039344,1.305523173,4.030229772,10.29298543,8.05560479,1.644535135,5.263790247,5.160391691,1.262720013,0.996379097,6.837067241,1.009933351,0.858159071,1.049702191,0.462510473,1.223509286,0.622262501,3.363514767,0.350269335,0.346279795,0.582975632,0.188323512,4.97080437,0.357186805,-0.026450992,0.005052261,0.018235148,0.366684967,0.217405922,0.169975856,0.277078612,0.067787447,0.174966923,0.061098033,0.175374417,0.123762127,0.038792174,0.003876137,0.005040094,0.005006083,0.002679232,-0.008604754,0.127657908
5,2.332321735,0.870413117,0.960755101,1.432963536,1.455858926,1.660181142,0.578605537,1.349348298,0.217103286,0.159042977,0.288998486,0.484142769,0.751092082,1.903777567,4.426170505,11.64681522,0.163482281,2.082913076,0.269233597,0.441511445,0.864462178,0.372571677,0.441557398,1,0.487653095,0.578034022,1.063361941,1.237251538,1.559003805,3.026026643,0.952367601,1.214158065,0.213169558,0.250879875,0.862937573,0.522183831,0.344481299,0.410831651,1.487750457,0.285091963,0.274930847,0.921983487,0.51194064,0.040645656,0.114866191,0.821023088,0.287425123,0.251232365,0.312268032,0.138695011,0.110770781,0.27274656,0.508129122,0.39425218,1.478286716,2.611550734,2.598400105,0.752409742,0.524609209,0.668457556,0.361803108,0.370617132,0.273873016,0.559995452,0.179982657,1.071247043,1.500268937,1.874113542,3.420639576,3.364625771,5.51449785,3.41111624,6.872085285,0.608422688,0.438578645,0.425661313,2.230765871,6.303242129,10.03084026,1.967597196,3.648962693,3.447832493,3.62437403,4.104068267,0.325678464,1.002222994,6.439392357,1.623047827,5.043522921,1.161203805,7.64867936,1.863863153,6.548791519,1.124675674,1.011237733,7.477701903,1.187866989,0.595316309,1.518908233,1.171888638,1.133322446,2.054465837,1.008095513,0.853739246,0.945852533,1.375810816,1.471059066,1.458026065,1.988635797,1.318493364,1.146156967,5.095335256,9.903212511,5.948593625,5.291360946,7.500331797,4.714398427,2.45855305,3.114960613,5.339711437,3.340087253,5.030491489,2.620956268,5.740150088,1.423168705,0.936548971,0.859766827,1.077429205,0.815660152,1.482868785,3.758016633,9.606034861,6.549459385,1.614519723,4.904582322,4.324603661,0.953074403,0.900944572,6.104249759,1.218256323,0.786441585,1.172953986,0.308031234,1.232177685,0.46563063,2.431157915,0.198061167,0.228794043,0.432363243,0.29588146,4.580150762,0.359602049,0.017743826,0.021631252,0.03267188,0.359365325,0.194899572,0.252918594,0.23324838,0.099003627,0.197407956,0.08649372,0.232788483,0.134632784,0.057640309,0.013981987,0.007332743,0.019259258,0.008866859,0.004074586,0.081976192
6,3.293267093,1.064063263,1.129816389,1.616184168,1.596997152,1.646831094,0.674751612,1.615052277,0.626370519,0.243379414,0.322469751,0.509503912,0.680989729,1.200359578,5.334100059,10.70605009,0.688158593,2.499687501,0.341255096,0.49695725,0.838080799,0.352781394,0.396797316,1.296455665,1.089906853,0.837204448,1.164145088,1.34569227,1.878289616,3.403884249,1.080428904,1.172478103,0.192203136,0.217003428,0.327114292,0.415428689,0.276522193,0.439537617,1.735806249,0.205505432,0.208707181,0.733176396,0.382585352,0.026117106,0.086746247,0.682003073,0.346818163,0.340854749,0.451324454,0.216807318,0.997424498,0.339272551,0.368838523,0.428010836,1.514478338,1.565753594,2.228190342,0.68437289,0.536155134,0.547515744,0.369924176,0.301015022,0.275038779,0.669940933,0.150006566,0.990876583,1.438067402,2.549235304,4.048038038,4.066732846,6.085051345,2.773486477,7.449030868,0.661383253,0.37480291,0.295275587,2.320571444,6.538861394,11.04736842,1.869872733,3.772250309,3.535075896,3.94692666,4.497952504,0.393936148,1.188110843,6.932920825,1.784000608,5.449771685,1.33813257,8.167757838,2.068176532,7.074013337,1.21568849,0.928907803,4.428033084,1.290462735,0.670441582,1.447539227,0.910626909,1,1.815644569,0.925935038,0.736668334,0.972033784,1.573615428,1.642044684,1.653820379,2.173222317,1.649234767,1.01066368,5.751577976,10.98360638,6.649226851,5.502479933,8.910087524,5.217181868,2.514006727,3.307565639,5.663765505,2.801271746,5.241378382,2.51549774,5.946941306,1.595738879,1.014320248,0.939107343,1.186391455,0.849677483,1.533142126,4.052805323,10.40635031,6.940241464,1.553919355,5.303926626,4.704776957,1.041392959,0.935692127,6.69673988,0.81246126,0.744665599,1.007735962,0.37558925,0.997737485,0.488102048,2.19439821,0.206765805,0.211325467,0.383409297,0.285897519,5.032092699,0.547423755,0.017307331,0.026886779,0.042824419,0.370196416,0.218155082,0.212964985,0.255217778,0.105066591,0.19642588,0.107196099,0.200204217,0.154145367,0.054844963,0.019654657,0.010176828,0.009699584,-0.002623133,0.010942084,0.114199269
7,3.225130691,1.018440578,1.053756921,1.632909,1.752170137,1.789266098,0.605192905,1.42916302,0.236890283,0.175894492,0.303304512,0.531954502,0.768718536,2.634039213,4.990904313,10.31796486,0.247855267,2.097241751,0.293078119,0.494388779,0.949894615,0.381925903,0.467509658,1.309785957,0.506263297,0.584003442,1.147992936,1.404077267,1.978502107,3.25065324,1.028470016,1.117444061,0.173135327,0.167434295,0.921938772,0.581765066,0.430933384,0.461046273,1.30180731,0.383026759,0.312810076,0.860816922,0.397578108,0.02502495,0.098252608,0.677547795,0.341152669,0.285958553,0.40289169,0.145816934,0.130690735,0.329650899,0.395748375,0.460647948,1.676849658,2.189433243,2.215672557,0.723365981,0.556491689,0.623867899,0.378840037,0.370620612,0.240310317,0.497586132,0.145099631,1.02555356,1.540791358,2.834071363,5.638883394,4.279717064,5.778886077,2.601984616,6.602466036,0.623626159,0.346532872,0.359697029,2.14392503,6.118898799,9.934578871,1.86708193,3.514083422,3.339494769,3.583334643,4.03575524,0.340209029,1.10842328,6.267056518,1.446051126,5.049000567,1.234388609,7.241716125,1.910698371,6.428251872,1.306674494,1,6.153274861,1.371583563,0.633801506,1.675146391,1.027339292,1.040366248,1.91641987,0.853508996,0.702158018,0.96172863,1.785102965,1.818061775,1.77823151,2.40252103,2.067537062,0.945799534,5.008071546,9.940078822,5.950250703,5.204880196,7.823496549,4.858348898,2.509825281,3.264195906,5.717028095,2.917178303,5.022139851,2.275818182,5.675051035,1.493263433,1.027481662,0.955512063,1.080916946,0.786723565,1.424862168,3.702710631,9.640644717,6.528156745,1.557885849,4.743842423,4.371625965,0.98872503,0.874141414,6.047424456,0.990199212,0.717278335,1.028625408,0.334492857,0.8836225,0.435957559,2.116347051,0.18688521,0.197208895,0.427659699,0.291334083,4.567159559,0.474276653,0.020970783,0.025389123,0.040151729,0.341553169,0.22008789,0.211074657,0.239875124,0.09762613,0.17912983,0.081944298,0.19190337,0.116927349,0.056975725,0.028299839,0.006728626,0.016362637,0.009550145,0.007133503,0.105543807
8,1.40478794,0.701028936,0.797358634,1.403775655,1.592348405,1.636528818,0.677400243,1.445938835,0.342462403,0.151802508,0.168549017,0.295045942,0.470753656,1.219208588,3.391723042,11.62128576,0.473527504,2.42935149,0.289146343,0.461278722,0.880319456,0.489710275,0.439301096,1.24729601,0.724772847,0.533264577,0.810003228,0.969735473,1.453017521,2.497640795,0.921164077,1.215728414,0.214989866,0.147394571,0.49885701,0.452664672,0.308968265,0.44568952,1.54919416,0.269535414,0.286704357,0.890071333,0.442702916,0.073976278,0.130730888,0.675392522,0.303383184,0.201435763,0.279950788,0.15291953,0.493969089,0.251333945,0.308845493,0.330271504,1.300280666,1.480873898,2.205556745,0.774962661,0.488503061,0.650239411,0.380547778,0.348030492,0.214976812,0.43252485,0.130427421,0.798304724,1.343337914,1.412779188,3.03795963,3.250056737,5.528337209,3.039415376,7.668588595,0.762958901,0.421917564,0.363717307,2.137702018,6.195205893,10.80219784,2.064533015,3.86148211,3.416469719,3.808399724,4.325449922,0.491644246,1.162606341,6.375916633,1.719579573,5.132796833,1.3410771,7.486066327,1.947413924,6.649818861,1.375935495,1,6.967659286,1.405628182,0.659566832,1.694145287,1.197926209,1.060546957,1.859260617,0.995024647,0.769149799,0.836363739,1.609976958,1.562614877,1.474222216,2.182666752,1.402587485,0.879489321,5.162369019,10.03689168,6.246638875,4.787720438,8.913638027,5.061221805,2.503078386,3.477328435,5.531549355,3.388195381,5.160264059,2.807557277,5.384484422,1.756347999,1.133091739,1.048463118,1.241009213,0.827968924,1.287151118,3.795137783,9.639452721,7.539816053,1.84544686,5.01406201,4.805860259,1.304744875,1.06823745,6.502045043,1.050910875,1.005488821,1.198748426,0.602305945,1.147530353,0.691105083,2.723031499,0.484127313,0.480451913,0.717461182,0.126901906,4.453937627,0.115350126,-0.044560229,-0.029398584,0.004207989,0.319311948,0.142285346,0.14787006,0.183868957,0.067287865,0.152720019,0.047131209,0.162008342,0.113700694,0.026208627,-0.014625994,-0.005194831,0.011976223,-0.01060681,0.001893096,0.135917057
9,2.438787936,0.952355458,0.961034824,1.583415319,1.698898087,1.733168119,0.610804247,1.661443867,0.527609138,0.212041676,0.244123049,0.440979494,0.619987143,1.436505511,4.148000094,12.7701324,0.582565431,2.052449802,0.301933189,0.501111669,0.951391387,0.410938497,0.455120838,1.34164434,1.048387276,0.695078027,0.957004351,1.216370359,1.969061477,3.042239104,0.968261978,1.28590829,0.176297919,0.149631891,0.486089841,0.473729477,0.306012679,0.418999422,1.316369088,0.254406043,0.250723971,0.888954748,0.369339125,0.027497222,0.084933256,0.618007544,0.292163684,0.203156583,0.27672126,0.175458454,0.943310619,0.297114586,0.34048972,0.380305395,1.59112651,2.537574632,2.45595044,0.737698626,0.51553889,0.643241477,0.357708436,0.346465463,0.259370695,0.446783692,0.134016363,0.846315927,1.341812349,1.997013029,4.18803601,3.458126847,5.008523317,2.825709714,6.090304546,0.710245933,0.376001899,0.303322169,1.936149314,5.430020762,8.853956984,1.780153484,3.091832627,2.881707949,3.20548945,3.613716226,0.371368339,1.04263552,5.55139925,1.3706477,4.431057721,1.120194198,6.499687255,1.749997875,5.627637455,1.152713888,1.091393776,9.024290203,1.282813112,0.593313992,1.507697075,0.987885391,0.997162863,1.844793067,0.919986322,0.748075688,0.901720371,1.548915428,1.571856862,1.596196039,2.211474224,2.637034675,2.365084399,4.604651737,8.766541218,5.338094074,4.473957222,7.230026201,4.352452992,2.84317402,4.407981669,5.959018115,5.629377637,6.402957758,3.715782576,6.501718461,1.419144185,1.052892949,1.402090042,5.088092999,0.999531724,4.576823517,3.468498619,8.352392981,6.056207721,1.522697708,4.296396277,4.201782529,3.979260223,3.547354592,5.354422266,1.173508817,0.712257395,1.014667473,0.32907309,1,0.476382174,2.592651876,0.159304012,0.172712789,0.369582145,0.305382327,4.010425622,0.364722322,0.009828088,0.028367703,0.044334252,0.434642581,0.196979966,0.217092412,0.234388809,0.118596692,0.19240047,0.076609803,0.199437755,0.136980472,0.058035479,0.030806597,0.010267089,0.015656927,1.12E-05,0.014891268,0.133321612
10,2.712730495,0.940885653,1,1.560493233,1.741982571,1.931919538,0.595100767,1.509742004,0.233885359,0.157940705,0.251494881,0.426717762,0.612728873,1.36802163,4.673564742,10.12321359,0.198409286,2.837094061,0.267892387,0.473119881,0.943905851,0.432830781,0.494072935,1.226379371,0.537005392,0.532436587,0.969914318,1.265662422,1.816745427,2.788079567,0.905909101,1.306896015,0.193707587,0.137141113,0.466093698,0.506198647,0.31012377,0.460669999,1.641134639,0.251466336,0.252608834,1.025718353,0.446339012,0.033635702,0.112406907,0.683499306,0.288125261,0.246898557,0.373394644,0.136172778,0.098547678,0.2561718,0.568472819,0.372119919,1.5033114,2.955749421,2.247052654,0.775869112,0.565011515,0.682038927,0.402659127,0.37069853,0.319204317,0.65080303,0.202135848,1.016508369,1.313556128,2.491599083,6.730881633,4.563377712,6.400770755,2.847556575,7.86351609,0.798311971,0.398375985,0.318935133,2.494315122,7.290476601,11.35567477,2.246728723,3.960009193,3.79786185,4.199158138,4.730950695,0.405312417,1.358603217,7.166329505,1.952767446,5.693781819,1.68912643,7.962750208,2.474255954,7.134471394,1.298722667,1.061077352,8.234727709,1.2261264,1.133046371,1.47088998,0.98781773,1.003088347,2.018315123,0.904864997,0.746745068,0.930302091,1.552882374,1.630798014,1.638233553,2.274631552,1.5792932,0.910177002,5.71246048,11.44240885,6.832964175,5.62796529,9.487762596,5.496367084,2.806418458,3.652019705,6.641791869,3.416211748,5.844321873,2.829836934,6.645537389,1.698658254,1.047307913,0.893453203,1.150810732,0.808076067,1.39035173,4.24539432,10.8253536,8.002048343,1.758771198,5.502657258,5.069057707,1.115858618,0.9538085,6.974603353,1.42072673,0.829265588,1.035680012,0.393619436,0.953220556,0.604766509,2.16281605,0.222321631,0.218951469,0.446762938,0.353859571,5.258411165,0.382465312,0.009998367,0.039820466,0.028889073,0.437433191,0.189399196,0.1849315,0.284391939,0.097162351,0.211428674,0.09866534,0.197294286,0.150676539,0.046438744,0.02892773,0.009917403,0.024282877,0.001557739,-0.006672113,0.14425142
11,1.764319087,1.166957001,1.466476498,1.888156342,1.629040306,1.582318274,0.664458137,1.134484363,0.18680569,0.140135687,0.284104011,0.581280258,0.902004357,1.112278467,2.555319474,14.51886276,0.200454455,1.665392334,0.244122246,0.555845008,0.834216596,0.347323484,0.413875773,1.657586275,0.49195844,0.605183294,1,1.143089636,1.662346821,4.896440003,1.485786368,0.704012846,0.148370866,0.232695115,0.521611386,0.482177152,0.364491008,0.941050251,0.469947344,0.327018931,0.353465334,0.16678251,0.213825002,0.06649039,0.13638396,0.552515678,0.352941261,0.304060836,0.61289003,0.119547451,0.12494505,0.258940968,0.35037635,0.377879165,1.268023634,1.595978195,1.581859207,0.708048944,0.568892809,0.673865161,0.375794727,0.370011375,0.241380189,0.289998186,0.178916182,0.694307309,1.580453932,1.396397448,2.622627091,2.575805226,3.700028442,2.724339154,5.089693262,0.422755695,0.214609618,0.25258025,1.422817495,4.080540399,5.942768769,1.240104427,2.131342807,2.130470457,2.384462986,2.577616172,0.442216728,1.089170761,3.791965953,1.240786397,3.125736029,1.150093238,4.373998419,1.648356547,3.972992661,0.879162416,1.228576096,3.716567578,1.289323299,1.816308235,1.475695928,0.772689215,1.108460255,1.870782455,0.899921058,0.895431362,1.206571784,1.340262066,1.752864564,2.082401679,2.053411999,1.888040789,1.246177686,3.780930884,6.888495135,4.343455968,3.632384993,5.492517678,3.458523402,2.176336911,2.603940618,3.696492413,1.704016783,3.253486348,1.770346091,3.704237348,1.338812159,1.001298592,0.998474319,1.381559832,1.219571328,1.575455005,2.952120208,6.175407776,4.61953506,1.427133168,3.381565219,3.164681935,1.364924741,1.248534446,4.185484044,0.933471051,0.83827685,0.96152189,0.394067916,0.728065811,0.432600382,3.210298972,0.360706867,0.368544067,0.516100574,0.149841923,2.748304832,0.15324651,0.013379302,0.013636262,0.036436828,0.256394787,0.136181858,0.280156822,0.246932533,0.126742923,0.217441112,0.129871116,0.244233858,0.135936076,0.049575791,0.019651556,0.003152221,0.005233551,-0.00744194,0.004796027,0.095718716
12,1.853717695,0.87240119,1.181623705,1.493296702,1.329271226,1.338627487,0.538399783,0.985119341,0.18625756,0.126431312,0.238789047,0.509274348,0.80957089,1.273180953,2.551919271,9.684135121,0.275182899,1.556619424,0.225060561,0.495718579,0.793135442,0.325029604,0.412957732,1.559946711,0.454666951,0.5498611,0.855359174,1.003298485,1.612493616,4.444060861,1.324734718,0.550174583,0.194986291,0.349783784,0.918965114,0.426102287,0.362388633,1,0.399755455,0.372424995,0.384887533,0.187829564,0.217202246,0.050285606,0.117175236,0.504150558,0.290983998,0.272188314,0.515191379,0.12498448,0.134209557,0.289423628,0.380286101,0.395261346,1.383686839,2.280824562,1.445990869,0.793801989,0.556400523,0.64495899,0.355968426,0.343449573,0.266708381,0.523291336,0.221131018,0.784195654,1.854452694,2.156127378,3.780151482,3.154878756,4.472018275,2.444939016,4.896493774,0.427957259,0.290196564,0.308354891,1.791753348,5.280654206,7.100357053,1.629973007,2.552788514,2.727023413,3.001095212,3.222091384,0.462346089,1.296864785,4.615939469,1.717756663,3.738261172,1.536321123,5.206714015,2.183065414,4.797370289,1.259267346,1.436403827,4.214303118,1.458032603,1.760185093,1.63224235,0.819668245,0.980672318,1.441419556,0.730739269,0.545854042,1.143129968,1.612199209,1.867397678,2.068379423,2.282534773,1.707622918,1.2566275,4.324525129,8.277753476,5.047629499,4.495332031,6.281047538,4.077388305,2.396018362,2.884818987,4.062510747,1.84346665,3.661910379,2.170015184,4.662050328,1.387278377,1.157352237,1.051843092,1.262322455,1.188307881,1.808341307,3.464335689,7.534991323,5.11949189,1.52494249,4.01559748,3.387641492,1.143970221,1.09858621,4.899722442,1.079063476,0.726409036,0.868342625,0.311822768,0.566402123,0.328072286,2.149767906,0.26563192,0.368371144,0.425302943,0.235620024,3.555200051,0.170362802,-0.000738838,0.010899323,0.037980301,0.21229213,0.141324679,0.047565555,0.24159145,0.09128193,0.185965971,0.087060001,0.06950892,0.109591161,0.044403133,0.020075426,0.006959693,0.009399126,0.012713574,0.011449549,0.085135799
13,1.352956595,0.842025953,1.137719773,1.843545111,1.853644257,1.870600608,0.717543627,1.488398917,0.192311525,0.124141652,0.207437854,0.404339368,0.714390705,0.867616357,1.881494041,8.837421355,0.164533458,2.833792227,0.264569744,0.552149555,0.983793989,0.409592,0.583601176,2.637829289,0.532731867,0.490469293,0.850050878,1,1.826222714,3.376098605,1.12341602,0.736797024,0.115773782,0.191030128,0.574770984,0.467449071,0.3240222,0.931017311,0.453143745,0.492179616,0.679365354,0.443940531,0.362861696,0.043493877,0.096440218,0.545429312,0.220593738,0.230967338,0.527516764,0.121178622,0.119267414,0.299293171,0.3344919,0.392220814,1.473418911,1.307543252,2.089433368,0.727453765,0.52522084,0.643666128,0.357171432,0.367193181,0.309124526,0.381913605,0.191462988,0.802169327,1.814262196,1.656330201,3.97363893,3.827637441,5.456928594,2.920693159,5.99455943,0.506996565,0.329235271,0.376213519,2.220222027,6.001862213,8.754266119,1.864346913,3.127303884,3.224725015,3.600309687,3.801728765,0.610872672,1.592623661,5.356449485,1.996061504,4.284839423,1.630201443,6.18216373,2.160813279,5.40048787,1.166960444,1.395228843,4.836604813,1.192300168,0.716904526,1.526308794,0.710851908,1.031388713,1.765081957,0.820982344,0.648674852,1.055582312,1.45614322,1.669473404,1.794545851,2.019218743,1.664044927,1.347747005,5.844987277,9.297428715,5.931471236,4.927202476,7.798861025,4.797143917,2.950715086,3.574911647,5.424134399,2.270696146,4.616521026,2.712950067,5.09526282,1.692025974,1.090278267,1.069645453,1.678422636,1.269767971,1.9418156,3.936969542,8.299107437,6.431095119,1.578751574,4.371067497,4.030874428,1.412444309,1.254339932,5.589740376,0.772699155,0.791507696,1.017329393,0.436826114,1.08556242,0.521553114,2.153761876,0.44426829,0.471086423,0.651246024,0.139639407,3.908539085,-0.034204769,-0.080086292,-0.011159442,0.016257049,0.212869042,0.14762317,0.078629907,0.189159423,0.069639897,0.210069053,0.088013759,0.125428606,0.138157887,0.036771743,0.007904565,-0.002969723,-0.003429822,-0.009386626,-0.003904226,0.117169204
14,0.681670798,1.309624142,2.030666906,3.214118827,3.297759999,2.195723884,0.969874363,1.736127815,0.336543689,0.231692012,0.405212568,1.576616918,5.223387301,2.841990455,1.860773193,26.92605056,3.016658629,2.66617428,0.331684867,0.898944137,1.437085383,0.714662654,0.695913503,4.375273714,0.926756895,0.654744613,0.857297271,1.034861057,1.584890536,5.700721493,1.843324354,0.956497678,4.082728553,6.917122979,0.89691072,0.968342918,0.543789634,1.328910896,0.774611669,0.590978385,0.825996271,0.253892742,0.324752463,0.095823685,0.166907936,0.74245268,0.361848747,0.402697392,0.659278397,0.133355779,0.150225161,0.310133534,0.366163795,0.451136785,2.016010536,2.559161331,2.433034609,1.612324204,0.93669149,1.812782139,0.812853324,1.395321801,1.310099398,0.948450082,0.520623174,0.788223343,2.693563791,1.110685279,4.288593434,1.452366688,1.418421863,1.544900136,2.192648556,0.403940737,0.401773308,0.409289247,0.472753159,1.179416476,1.362196054,0.628740849,0.801377737,0.509418867,0.379483659,0.534798502,0.387732674,0.509299709,0.801748883,0.590388946,0.744709021,0.60648253,0.970645942,0.830265244,0.990194108,0.948497301,2.828950959,6.832096663,2.224459608,2.501937552,2.498064688,2.48797609,2.68491905,4.211415971,1.802365786,1.239981395,2.261528796,1.633243415,3.695587502,4.318023089,2.764429463,3.238602444,1.40047992,1.731918471,2.25604284,1.557604505,1.598579995,1.839936295,2.161473939,2.309630246,2.334626588,2.482709862,1.232688988,1.542074659,1,2.360834768,1.496651904,1.004701677,0.922251173,1.262378917,1.088239277,1.028059356,1.363966093,2.111461346,2.015502432,0.848243284,1.133435318,1.105265935,0.913946211,0.928919651,1.538565679,1.373350321,1.094265683,1.37940555,0.269301192,0.649259386,0.318606568,5.649797457,0.332641464,3.924632694,0.540512227,0.176667138,0.472555078,0.096848061,0.032265344,0.041380323,0.074562299,0.445210419,0.211694477,0.1880525,2.872207193,1.074224109,0.434393266,0.157579018,0.185190966,0.269024018,0.047669686,0.039264444,0.025538095,0.021692297,0.019094468,0.020642967,0.326278646
15,0.72502998,1.047516224,1.557745189,2.105613635,1.950534984,1.622231219,0.717463926,1.152894247,0.210557017,0.149326468,0.268265063,0.576610747,0.8209571,1.99930361,1.077766409,17.58167253,1.172280332,1.322706848,0.245748294,0.67028196,0.997029373,0.4313738,0.485079675,1.844665935,0.55589507,0.531025141,0.703340383,0.849259046,1.52150361,5.419843564,1.572103751,0.730021325,0.604540239,2.299482411,2.080482548,0.609832874,0.526219066,1,0.54777473,0.518068879,0.584648465,0.176334962,0.250213953,0.067176785,0.149290937,0.619425109,0.33425224,0.322434404,0.660919813,0.137032087,0.144755748,0.26632244,0.333914683,0.384590434,1.43119187,1.617720505,1.980511343,0.810429003,0.597920179,0.723722508,0.427387404,0.403986857,0.366420386,0.743581702,0.343795365,0.773868438,1.611869854,1.072264969,2.465915242,1.319698991,1.932348164,2.029659159,2.842359546,0.427591732,0.353922729,0.309063183,0.646936753,1.898411028,2.413140414,0.737956029,1.014425191,0.921525084,0.92302853,1.053438803,0.386614193,0.640994903,1.618231344,0.772916327,1.376922043,0.757723466,1.95580478,1.129388533,1.948965488,1.006094338,1.703997051,5.987377846,1.630704452,2.289539579,2.067810125,1.505980355,1.72750358,2.590247363,1.289609253,1.104328643,1.249373237,1.532041022,1.82578666,2.243706852,2.322761264,2.085775765,1.434990435,2.31219038,3.513223212,2.393962373,2.012918555,2.8472746,2.218563219,1.9834799,2.084509265,2.339852185,1.571940285,1.917325574,1.343066228,2.118840735,1.248824255,1.001505075,0.992619704,1.221940764,1.155908152,1.260473398,1.74584542,2.92841664,2.532704464,1.203211223,1.943422801,1.701222785,1.114506931,1.163696904,2.213260469,0.888966391,0.903745846,1.151309608,0.39860096,0.987998088,0.462794084,3.955952927,0.477935787,1.526931543,0.597271783,0.075631632,1.023142747,0.00440854,0.004554903,0.006227317,0.044501711,0.276803669,0.143066813,0.273088108,0.750235792,0.296282996,0.296550774,0.148298425,0.244421836,0.177752494,0.064416156,0.020182694,0.006481429,0.011186647,-0.004922918,0.007229769,0.121828106
16,1.917005408,1.089585761,1.304745377,1.996579107,1.919427156,1.904337115,0.795819089,1.478514498,0.239767731,0.135517907,0.280604605,0.530610793,0.771464348,1.156886685,3.096509419,9.737202146,0.256942121,1.757893407,0.267863172,0.558010733,0.891217514,0.380678064,0.463745394,1.80013271,0.496213935,0.609871319,1.062110348,1.171702132,1.670785758,3.674833174,1.224621759,0.619562072,0.328225247,0.38725051,0.706470064,0.521333082,0.359603909,1.125651488,0.446163463,0.309093641,0.344169951,0.146573446,0.314803509,0.047464439,0.136012941,0.61369164,0.28091543,0.278005905,0.534985849,0.113929834,0.129220597,0.288749257,0.338172581,0.388362579,1.390788681,1.510030353,1.618245303,0.707379798,0.559126734,0.649626757,0.361606755,0.340711698,0.246385003,0.423132127,0.220758616,0.830877263,1.696025959,1.661749851,3.025367054,4.149615971,6.360016686,3.706611621,7.290900995,0.493584537,0.296017084,0.358168933,2.669352874,7.435270394,10.53671759,2.252665881,3.808891143,4.037344983,4.481894809,4.740716201,0.63197342,1.787203116,6.636883667,2.355109509,5.309887983,1.903557077,7.717692164,2.573192451,6.755117973,1.009256642,1.320171601,4.037472861,1.065672613,0.724097832,1.41495158,0.727185099,1.065079375,1.822880507,0.779001909,0.673119041,0.916084206,1.065827871,1.379986969,1.628214966,1.724674932,1.555519041,1.276416796,6.017409978,11.49868701,7.11617969,6.165790401,9.085949831,5.505164691,2.824153441,3.620565999,5.309116113,2.067910312,4.857378552,2.684599847,5.673194579,1.340276896,1,0.927193443,1.293772182,1.346579491,2.05912581,4.766488519,10.56556851,7.484835111,1.871555502,5.479160117,4.745449945,1.304893372,1.173348165,6.909094115,0.885354155,0.815523896,0.94274381,0.403093277,0.770513417,0.430770975,2.183010219,0.361131847,0.435091929,0.598433585,0.24203027,5.130264166,0.134644458,0.023372412,-0.020759377,0.038543158,0.339936294,0.151574962,0.181353289,0.361707995,0.126376423,0.20722861,0.108331146,0.168941122,0.123569835,0.042515013,0.016944219,9.73E-05,-0.00456933,-0.001505499,-0.000185194,0.078845522
17,0.774607434,0.965071912,1.248864782,1.719683218,1.551339532,1.420014416,0.616302552,1.011557983,0.179960791,0.135324728,0.235579858,0.561804179,0.814679868,1.5356461,1.177561412,13.01048124,1.072670241,0.897725412,0.205944324,0.557999294,0.790857329,0.351609091,0.372330525,1.393379652,0.461515331,0.497570576,0.646215092,0.772343043,1.405275174,5.026050535,1.35746156,0.715248958,0.730990501,2.043085493,1.44461674,0.553790609,0.427904894,0.774478328,0.414413422,0.35375668,0.370769693,0.096059971,0.143834756,0.063594053,0.116535391,0.513373857,0.308801504,0.291548593,0.539654181,0.107238461,0.126928676,0.23137084,0.306728862,0.360168199,1.110384969,1.34472955,1.513991343,0.709834986,0.485109638,0.702386644,0.354590005,0.401360803,0.254759727,0.457386729,0.233628992,0.629014591,1.26567519,0.917001102,1.927239651,1.890706601,2.627715096,1.7933243,3.068542549,0.398461666,0.264829765,0.173775529,1.011757744,2.836124454,3.878741068,0.921397064,1.47087506,1.536442768,1.686645611,1.79440301,0.39561486,0.87989668,2.652025865,1.029222176,2.220933788,1,3.132294946,1.408503411,2.862917921,0.819761143,1.243089722,3.322288081,1.438747564,2.037937903,1.664197474,1.443701437,1.676987831,2.429381729,1.233758813,1.101522738,1.209791595,1.395394913,1.811817075,2.129556092,2.335341272,2.046750294,1.84712583,14.63147152,5.262303413,3.425329802,3.018246041,3.982987298,2.767308558,1.911077051,2.109472367,2.799994199,1.456309285,2.521659333,1.439547247,2.722474773,1.153308339,1.041479696,1.05970886,1.273625353,1.231557994,1.479274867,2.34729423,4.563877769,3.476868345,1.427573001,2.66894743,2.489831174,1.353460368,1.35889187,3.190580737,0.854293853,0.874006473,0.9594779,0.397143383,0.781847947,0.436163965,3.035793054,0.505472239,1.387402807,0.579985967,0.192174401,1.84694249,-0.011172433,-0.012112312,-0.000133001,0.018813472,0.234869045,0.103461928,0.331652264,0.64075859,0.322554215,0.227221498,0.14548273,0.262104986,0.120566306,0.056723678,0.009616489,0.001977803,0.013949261,0.004618161,0.003969669,0.087509916
18,1.136583983,1.123382397,1.423326996,2.126791108,2.003402663,1.880357703,0.807515017,1.416272487,0.220755791,0.143309953,0.257253202,0.552703549,0.783631632,1.011076928,1.69606709,17.22687335,0.370335584,1.961597071,0.232372291,0.599884739,0.997537689,0.395535433,0.488201369,2.010780991,0.450721624,0.493607116,0.8877132,1.075211213,1.678775159,4.633804551,1.414573863,0.548412006,0.210195357,0.545930589,0.610269118,0.542183879,0.387403659,1.228934025,0.449441633,0.354308091,0.38390535,0.118494132,0.227893869,0.045005132,0.15296414,0.527972542,0.271269192,0.261771151,0.530129404,0.124707871,0.132698125,0.302074318,0.356395137,0.419695015,1.563425933,2.654447581,2.102089434,0.72058616,0.533867951,0.511705988,0.335581413,0.279759657,0.245446253,0.343359614,0.153956971,0.753581936,1.574523036,1.316069531,2.721132202,2.336182837,3.236867246,1.987032015,3.466577907,0.417965037,0.339724122,0.390171866,1.274106897,3.565479019,4.844739571,1.267324619,1.81514417,1.83088725,1.957958863,2.122662456,0.41825785,1.042439321,2.887296608,1.467654199,2.431291254,1.161648188,3.420306156,1.716003415,3.117501528,0.936200249,1.583883412,3.735194764,1.247816472,1.055703839,1.589041866,0.848753917,1.171874299,1.765966824,0.862847282,0.595325775,1,1.175512363,1.509010905,1.871872228,1.896259514,1.761794897,1.288060473,3.332649006,5.738633332,3.67410358,3.309298225,4.585721474,3.201101688,2.188899698,2.616010625,3.005430822,1.682108641,2.684755035,1.751736766,3.17242248,1.297985542,0.928235916,0.87735687,1.205214481,1.077834928,1.440795464,2.511015912,5.139664487,3.711042584,1.297478403,2.790220522,2.41452014,1.110526823,1.028842931,3.465942253,1.15054343,0.774522464,0.932858036,0.328418129,0.809927881,0.430586456,3.68587882,0.304087627,0.494619542,0.48395432,0.199055843,2.272190081,0.088669407,0.000740867,0.01146944,0.04107511,0.208442173,0.159701177,0.064139875,0.281636193,0.113641421,0.183139804,0.091663304,0.074790064,0.112292197,0.042062382,0.017428974,0.008015139,0.007035189,0.005586135,-0.002001972,0.130885247
19,0.845911012,1.155317166,1.596222734,2.24370247,2.005747692,1.56562501,0.793186067,1.178765666,0.21722261,0.144994438,0.298151335,0.551266406,0.836241517,1.251970338,1.270231374,19.41937924,1.182617079,1.814049754,0.260452427,0.650684189,1,0.491915235,0.562007348,2.061898371,0.639312185,0.594303972,0.849692696,0.99879969,1.568424939,4.022541124,1.346255435,0.717401168,1.268586469,2.531021712,0.710767337,0.647873092,0.460517387,1.17923803,0.541026572,0.393492575,0.472825291,0.132774819,0.223403373,0.06675914,0.121314837,0.465756689,0.297443783,0.281096548,0.681174732,0.14888176,0.127190697,0.363523785,0.657048129,0.443550345,1.370709167,1.313708519,1.74439863,0.917242918,0.635814999,0.925884553,0.442180481,0.472086827,0.485835562,0.762420742,0.629882872,0.808002454,1.674367416,1.145482722,2.300363361,1.812606586,2.308196853,1.637322119,2.604452615,0.458354838,0.457592502,0.364645471,0.857105431,2.395746428,3.154821005,0.899690644,1.255867435,1.177315116,1.294175389,1.386278697,0.387890778,0.801371616,1.951083617,1.123212334,1.638350904,0.905565335,2.342788857,1.313260843,2.128300066,0.800663509,1.537253589,4.52208761,1.168730206,0.858789693,1.697668068,1.29912172,1.556238806,2.378712524,1.265301117,0.946876368,1.08026646,1.160604758,1.434309492,1.701294739,1.766016904,1.622324879,1.111425214,2.375891718,3.978400442,2.740084965,2.402932692,3.385027423,2.542417955,2.142755068,2.407504235,2.540538627,1.72338994,2.158994868,1.527088852,2.358690177,1.175572829,0.8853828,0.825732428,1.125232714,0.975164831,1.165742977,2.017735282,3.682023903,3.254645415,1.244596634,2.098487418,1.899998073,1.123548211,1.01400942,2.465899566,0.774955421,0.83437927,1.050724684,0.454459984,0.806746227,0.557491488,4.339849705,0.550354764,1.722834966,0.724838454,0.040218727,1.342823933,-0.02330868,-0.01705965,0.007706098,0.031801178,0.273381099,0.149420448,0.22946267,1.005288929,0.414433924,0.316682896,0.1725216,0.214251127,0.170477255,0.043432924,0.008024371,0.002096583,-0.00281359,-0.009410102,0.005083004,0.114116436
20,1.32354742,1.058644422,1.436035278,1.799956742,1.554090148,1.42722109,0.563410089,1.02869348,0.195816212,0.142816565,0.273265068,0.591275198,0.904119104,1.092647647,2.232147611,13.14456284,1,1.497350507,0.256675992,0.543339741,0.809462334,0.390076482,0.440592489,1.475447937,0.55695896,0.60675379,0.820634898,0.930748992,1.435090534,4.139300919,1.257444781,0.553900131,0.582103642,1.745323645,0.714968985,0.579292078,0.394739123,0.874771473,0.396084607,0.311083011,0.35076546,0.119365777,0.18001238,0.065485005,0.163553326,0.474216038,0.314218804,0.308671271,0.492212861,0.113986717,0.133408248,0.273704563,0.281076418,0.355540493,1.237212042,1.559890408,1.559941246,0.758730961,0.641915117,0.728464258,0.456485302,0.393244853,0.341336199,0.453329274,0.266291507,0.709041165,1.619719104,1.24101866,2.127306952,2.098337983,3.006896378,1.987331932,3.699780382,0.351771136,0.244832745,0.235234345,1.229995609,3.532573373,4.926046307,1.075836117,1.766221303,1.810445668,1.977190956,2.153291481,0.414801758,0.917849354,3.142067881,1.197973608,2.59273729,1.092251041,3.535928747,1.507435112,3.269548383,0.798469078,1.360023242,3.438615462,1.202543249,1.957778456,1.469378267,1.110359569,1.291543964,1.918374628,0.879370121,0.710963077,1.019193668,1.18132186,1.487516777,1.793237431,1.758225577,1.664682393,1.135204632,3.230888345,5.860873872,3.641650156,3.107083343,4.799643071,3.119413093,1.954041601,2.505980261,2.951554888,1.789921863,2.654753857,1.883681593,3.323894675,1.242529655,0.924004721,0.913269103,1.227877431,1.134905667,1.485587908,2.653899657,5.278562165,4.051900453,1.433231291,3.0214191,2.729018927,1.238106072,1.246655958,3.622141502,0.919945787,0.847170115,0.914636661,0.418247494,0.786919386,0.436823081,2.964966748,0.449178507,1.232078465,0.519163729,0.20825621,2.331458027,0.115649881,0.02976312,0.010314126,0.037191323,0.187240435,0.121754784,0.121985086,0.577672541,0.242607003,0.193812371,0.109449247,0.101112793,0.100717618,0.043946774,0.024035945,0.005994566,0.018747205,-0.000302648,0.005444613,0.104371376
21,1.051122946,0.91958873,1.164609152,1.541956268,1.432542058,1.314739635,0.622578705,1.083389817,0.239946925,0.182031818,0.330242501,0.614748018,1.16888116,1.767776317,2.433592556,7.233747247,0.844926293,1.57367746,0.214184295,0.469547696,0.834124456,0.356720488,0.529239642,2.130615282,0.509430666,0.407359733,0.670233732,0.843953904,1.622997462,2.595228517,0.920454671,0.956308416,10.39752782,3.054454146,1.249404246,1.017889267,0.36070788,0.80681343,0.342383049,0.39322782,0.555071461,0.326157414,0.322549252,0.034013168,0.098424403,0.456675192,0.197126951,0.165242215,0.276711129,0.080901527,0.095591567,0.236812885,0.30422056,0.322744307,1.399309392,1.482030516,1.669469053,0.735767575,0.517034892,0.67942637,0.367342714,0.391622315,1.318230844,5.199716931,6.082183025,1.684967653,1.719018381,1.314257133,3.075143056,3.109814291,4.836924982,2.815185418,5.475166466,0.419739518,0.319116862,0.338555188,1.838053622,5.208458947,7.541967678,1.519438635,2.663033588,2.736392085,3.058566916,3.321402527,0.676276329,1.349283212,4.722474666,1.648868385,3.782131729,1.339159262,5.380758793,1.813553653,4.808519355,0.913518647,1.536368908,4.929516593,0.868949826,0.706323388,1.28228721,0.865850426,1.02734493,1.707884278,0.680999961,0.510206419,0.814100508,0.875272672,1.160629003,1.313112702,1.250432718,1.161695398,0.937765212,4.104505263,7.964778687,4.883781534,4.312747235,6.468587804,4.106921354,2.393242606,3.098314966,4.423794223,1.658507525,3.763209451,1.932867534,4.447490555,1.038703961,0.681357838,0.67380303,1.076092027,0.851064986,1.489579126,3.30697231,7.492518798,5.296786847,1.311191549,3.780231095,3.367195396,0.987600489,0.851174228,4.802392801,0.74226441,0.673755668,1,0.993909457,0.771994303,0.375743543,1.54974781,0.328861287,1.055831843,0.480191145,0.131265786,3.538737051,0.061502465,0.02680329,0.032936563,0.046303094,0.200818125,0.206178722,0.250159284,4.563038558,1.702870216,0.266857491,0.11786283,0.096307781,0.116291455,0.041608928,0.017766012,0.007937601,-0.006948199,-0.007289591,-0.00757291,0.121703337
22,1.590610496,0.881126879,1.182793173,1.488662424,1.302257003,1.481181242,0.513738391,1.086231673,0.189898459,0.123434411,0.220843601,0.492306564,0.756916359,1.138937708,2.028753548,6.423263511,0.277547161,1.704036557,0.24881826,0.505054263,0.794625529,0.334004682,0.455695993,1.788882552,0.470874298,0.517696661,0.828547143,0.993504925,1.639942443,4.447973195,1.322271644,0.711380596,0.181364491,0.283792734,0.846357604,0.447823046,0.371333245,0.94546388,0.383797132,0.372403368,0.438926476,0.233642363,0.255759182,0.055895142,0.136211863,0.542379975,0.301829991,0.278302865,0.526883483,0.125387406,0.149810461,0.322668269,0.361772621,0.438788954,1.403958474,2.247738576,1.636185909,0.755018794,0.562031722,0.639034503,0.356877458,0.332358881,0.236756152,0.370180897,0.187432866,0.866829581,1.956586737,2.10952552,3.46130665,3.304620177,4.636421193,2.627144952,4.783479747,0.497585404,0.358675297,0.379521161,1.785234216,5.049615845,7.205311237,1.5279212,2.642062024,2.72282817,2.905970131,3.140673329,0.509023958,1.265210979,4.652123688,1.626439784,3.754051108,1.376614524,5.468263656,1.931063818,4.861463916,1.245159907,1.681325646,5.295887979,1.454816442,0.940552752,1.844436231,0.866901266,1.17623717,1.907416306,0.928146104,0.907764546,1.202566689,1.61569223,1.873585201,2.064052288,2.203970359,1.786881117,1.414829756,4.460481099,8.14602985,5.036824244,4.418744955,6.205403169,4.062018453,2.402276316,2.944143167,4.244207731,1.807088005,3.693371154,2.157850259,4.508238601,1.414372382,1.05371767,1.023492964,1.267550435,1.212235266,1.644742502,3.45076663,7.454481469,5.154571857,1.513428033,3.9360832,3.417395945,1.122158161,1.12352172,4.885197166,1.100297253,0.798579214,1,0.355462151,0.766828165,0.358066277,1.487207278,0.297791067,0.394668809,0.539164369,0.173884438,3.430761137,0.119065864,-0.010358862,-0.00187909,0.044722353,0.286416904,0.164793507,0.283161692,0.258199157,0.120908746,0.173558904,0.127235499,0.218806301,0.103186883,0.045396228,0.019559989,0.00606401,0.006808926,0.003152905,0.005044834,0.11157214
23,1.238548856,1.143419763,1.541748064,2.328501322,2.164388539,2.054141829,0.901386027,1.557760405,0.26943877,0.175722694,0.300536713,0.600227132,0.713191014,1.05866668,1.897661535,24.13885204,0.593364892,2.232587338,0.242078626,0.642623059,1.043332073,0.43425302,0.567985159,2.349098436,0.550796864,0.557636419,0.867330349,0.957589239,1.587744672,4.338979412,1.398666816,0.585523207,0.318223712,1.242017504,0.648520755,0.590095613,0.402035575,1.4588018,0.467128974,0.382997045,0.47571957,0.121671095,0.343994741,0.049870629,0.150957374,0.700752429,0.300645254,0.335759986,0.624077076,0.142812189,0.139209371,0.320926034,0.385932098,0.431310394,1.535543518,1.632252188,2.04796334,0.762191962,0.583848842,0.661407881,0.365835509,0.307010834,0.315744929,0.378988563,0.217862307,0.758961965,1.876842957,1.152462335,2.910418748,2.203775499,3.073409097,2.528949309,3.619915253,0.391557219,0.342082815,0.36844987,1.174374513,3.145570146,4.369700358,1.08174291,1.666342952,1.629080251,1.715524667,1.877600134,0.399946545,0.906050478,2.715544703,1.037348135,2.28605652,1,3.228985135,1.478058947,2.997137776,0.988047571,1.906317993,6.001369488,1.306900428,1.16890515,1.821649606,1.047033668,1.373042179,2.184735847,0.916365229,0.665265272,1.06214852,1.194110138,1.497481704,1.866103426,1.861986257,1.763862668,1.272795306,3.078522201,5.169562976,3.315261711,3.059294843,4.044190375,3.137734458,2.351617938,2.980071376,3.135507424,1.679221135,2.56143774,1.556437702,3.393692431,1.382976891,0.949281617,0.888485874,1.242689204,1.093931688,1.349070838,2.300295875,4.571300611,3.185622044,1.190908179,2.459976944,2.236082646,1.02643759,0.983271902,3.058933379,0.840213011,0.80002781,1.022360241,0.372243891,0.983287039,0.480684193,5.285418968,0.376291718,0.898225936,0.535432485,0.144272722,1.89770218,0.061892128,0.010481801,0.003625675,0.037668892,0.32321458,0.16128753,0.079403228,0.558930925,0.191827436,0.241573955,0.098081769,0.100845264,0.149350739,0.036843897,0.01843357,0.007812074,-0.000803719,0.007977232,-0.002402832,0.162840801
24,1.891758158,1.052453704,1.247166553,1.533957521,1.182519718,1.261633017,0.52661131,0.767850974,0.166112876,0.1270536,0.247748532,0.632444149,0.920457794,1.29973791,2.913784092,7.857442862,0.233209124,1.153832813,0.235452109,0.520769052,0.71164839,0.283359981,0.343660845,1.468915819,0.395223249,0.583076091,0.964438592,1.090122065,1.694014257,5.516859113,1.468595315,0.623785827,0.177339179,0.246710897,0.566800828,0.414262428,0.363879931,0.68465767,0.346809017,0.297874466,0.312069281,0.135396298,0.169964065,0.075160886,0.158310743,0.564765498,0.390217562,0.306530068,0.478061406,0.10534708,0.12177746,0.234789708,0.252031689,0.323122622,1,1.110724448,1.083831062,0.537724478,0.449417213,0.425328262,0.283057422,0.247620672,0.193169759,0.240478471,0.153839284,0.536854283,1.210756822,1.428019606,2.128308066,2.650307691,3.851061904,2.365889811,4.256588586,0.35894027,0.260451221,0.278117708,1.627531525,4.561123365,6.05764058,1.45334844,2.2111435,2.45639302,2.643633981,2.840381506,0.470441389,1.28905913,4.047736594,1.668704881,3.296232177,1.544439754,4.541704575,2.094092637,4.110573473,1.019176296,1.287211353,2.670068103,1.557162704,2.158175004,1.606406555,0.90347663,1.124331341,1.637091973,0.883242378,0.835962193,1.257743775,1.524067846,2.063205674,2.370957302,2.499939218,2.101154402,1.506797246,4.279377602,7.651582039,4.797051279,4.119254838,5.692335704,3.643206863,2.051135576,2.517669489,3.581397483,1.708401246,3.292280064,2.043897513,4.037353651,1.316246229,1.127131626,1.211170802,1.369771744,1.418616272,1.815326456,3.338947457,6.783033327,4.681480213,1.607009178,3.859542467,3.309687544,1.404869119,1.36720157,4.588503523,0.736625872,0.819605864,0.932158335,0.373257077,0.608822515,0.358036944,1.783814386,0.311486693,0.340778376,0.448239893,0.231588453,3.097917526,0.17844242,0.008798972,0.005595328,0.033162905,0.1526845,0.097521027,0.213375023,0.161205671,0.114253581,0.171964216,0.111491821,0.187534397,0.090678814,0.050445512,0.008868376,0.004095155,0.006949771,-0.005159769,-0.001471222,0.069287621
